Week,FIPS,County,State,N1,N2
12/23/2014,1001,Autauga County,AL,25790,9999
12/23/2014,1003,Baldwin County,AL,314970,9999
12/23/2014,1005,Barbour County,AL,575050,9999
12/23/2014,1007,Bibb County,AL,491130,9999
12/23/2014,1009,Blount County,AL,254100,9999
12/23/2014,1011,Bullock County,AL,159750,9999
12/23/2014,1013,Butler County,AL,182180,9999
12/23/2014,1015,Calhoun County,AL,47120,9999
12/23/2014,1017,Chambers County,AL,200,9999
12/23/2014,1019,Cherokee County,AL,3530,9999
12/23/2014,1021,Chilton County,AL,5780,9999
12/23/2014,1023,Choctaw County,AL,5390,9999
12/23/2014,1025,Clarke County,AL,3420,9999
12/23/2014,1027,Clay County,AL,2510,9999
12/23/2014,1029,Cleburne County,AL,2570,9999
12/23/2014,1031,Coffee County,AL,300,9999
12/23/2014,1033,Colbert County,AL,1770,9999
12/23/2014,1035,Conecuh County,AL,13460,9999
12/23/2014,1037,Coosa County,AL,21880,9999
12/23/2014,1039,Covington County,AL,19880,9999
12/23/2014,1041,Crenshaw County,AL,11680,9999
12/23/2014,1043,Cullman County,AL,7700,9999
12/23/2014,1045,Dale County,AL,9370,9999
12/23/2014,1047,Dallas County,AL,2750,9999
12/23/2014,1049,DeKalb County,AL,150,9999
12/23/2014,1051,Elmore County,AL,1730,9999
12/23/2014,1053,Escambia County,AL,3510,9999
12/23/2014,1055,Etowah County,AL,2480,9999
12/23/2014,1057,Fayette County,AL,960,9999
12/23/2014,1059,Franklin County,AL,530,9999
12/23/2014,1061,Geneva County,AL,590,9999
12/23/2014,1063,Greene County,AL,100,9999
12/23/2014,1065,Hale County,AL,70,9999
12/23/2014,1067,Henry County,AL,1110,9999
12/23/2014,1069,Houston County,AL,2280,9999
12/23/2014,1071,Jackson County,AL,2030,9999
12/23/2014,1073,Jefferson County,AL,1090,9999
12/23/2014,1075,Lamar County,AL,680,9999
12/23/2014,1077,Lauderdale County,AL,580,9999
12/23/2014,1079,Lawrence County,AL,60,9999
12/23/2014,1081,Lee County,AL,290,9999
12/23/2014,1083,Limestone County,AL,3230,9999
12/23/2014,1085,Lowndes County,AL,5530,9999
12/23/2014,1087,Macon County,AL,5630,9999
12/23/2014,1089,Madison County,AL,3520,9999
12/23/2014,1091,Marengo County,AL,2000,9999
12/23/2014,1093,Marion County,AL,1620,9999
12/23/2014,1095,Marshall County,AL,220,9999
12/23/2014,1097,Mobile County,AL,60,9999
12/23/2014,1099,Monroe County,AL,630,9999
12/23/2014,1101,Montgomery County,AL,1640,9999
12/23/2014,1103,Morgan County,AL,930,9999
12/23/2014,1105,Perry County,AL,280,9999
12/23/2014,1107,Pickens County,AL,110,9999
12/23/2014,1109,Pike County,AL,110,9999
12/23/2014,1111,Randolph County,AL,30,9999
12/23/2014,1113,Russell County,AL,90,9999
12/23/2014,1115,Saint Clair County,AL,1470,9999
12/23/2014,1117,Shelby County,AL,2900,9999
12/23/2014,1119,Sumter County,AL,2130,9999
12/23/2014,1121,Talladega County,AL,890,9999
12/23/2014,1123,Tallapoosa County,AL,510,9999
12/23/2014,1125,Tuscaloosa County,AL,380,9999
12/23/2014,1127,Walker County,AL,70,9999
12/23/2014,1129,Washington County,AL,520,9999
12/23/2014,1131,Wilcox County,AL,7860,9999
12/23/2014,1133,Winston County,AL,13230,9999
12/23/2014,2013,Aleutians East Borough,AK,12280,9999
12/23/2014,2016,Aleutians West Census Area,AK,6770,9999
12/23/2014,2020,Anchorage Municipality,AK,3760,9999
12/23/2014,2050,Bethel Census Area,AK,3210,9999
12/23/2014,2060,Bristol Bay Borough,AK,550,9999
12/23/2014,2068,Denali Borough,AK,120,9999
12/23/2014,2070,Dillingham Census Area,AK,2460,9999
12/23/2014,2090,Fairbanks North Star Borough,AK,5380,9999
12/23/2014,2100,Haines Borough,AK,4180,9999
12/23/2014,2110,Juneau City and Borough,AK,1560,9999
12/23/2014,2122,Kenai Peninsula Borough,AK,720,9999
12/23/2014,2130,Ketchikan Gateway Borough,AK,540,9999
12/23/2014,2150,Kodiak Island Borough,AK,90,9999
12/23/2014,2164,Lake and Peninsula Borough,AK,180,9999
12/23/2014,2170,Matanuska-Susitna Borough,AK,1550,9999
12/23/2014,2180,Nome Census Area,AK,2600,9999
12/23/2014,2185,North Slope Borough,AK,2230,9999
12/23/2014,2188,Northwest Arctic Borough,AK,1260,9999
12/23/2014,2201,Prince of Wales-Outer Ketchikan Census Area,AK,720,9999
12/23/2014,2220,Sitka City and Borough,AK,600,9999
12/23/2014,2232,Skagway-Hoonah-Angoon Census Area,AK,100,9999
12/23/2014,2240,Southeast Fairbanks Census Area,AK,220,9999
12/23/2014,2261,Valdez-Cordova Census Area,AK,2650,9999
12/23/2014,2270,Wade Hampton Census Area,AK,4970,9999
12/23/2014,2280,Wrangell-Petersburg Census Area,AK,4430,9999
12/23/2014,2282,Yakutat City and Borough,AK,2310,9999
12/23/2014,2290,Yukon-Koyukuk Census Area,AK,1390,9999
12/23/2014,4001,Apache County,AZ,1170,9999
12/23/2014,4003,Cochise County,AZ,140,9999
12/23/2014,4005,Coconino County,AZ,60,9999
12/23/2014,4007,Gila County,AZ,760,9999
12/23/2014,4009,Graham County,AZ,1520,9999
12/23/2014,4011,Greenlee County,AZ,1230,9999
12/23/2014,4012,La Paz County,AZ,740,9999
12/23/2014,4013,Maricopa County,AZ,470,9999
12/23/2014,4015,Mohave County,AZ,410,9999
12/23/2014,4017,Navajo County,AZ,70,9999
12/23/2014,4019,Pima County,AZ,110,9999
12/23/2014,4021,Pinal County,AZ,1530,9999
12/23/2014,4023,Santa Cruz County,AZ,3210,9999
12/23/2014,4025,Yavapai County,AZ,2410,9999
12/23/2014,4027,Yuma County,AZ,1280,9999
12/23/2014,5001,Arkansas County,AR,850,9999
12/23/2014,5003,Ashley County,AR,820,9999
12/23/2014,5005,Baxter County,AR,110,9999
12/23/2014,5007,Benton County,AR,100,9999
12/23/2014,5009,Boone County,AR,890,9999
12/23/2014,5011,Bradley County,AR,1700,9999
12/23/2014,5013,Calhoun County,AR,1470,9999
12/23/2014,5015,Carroll County,AR,710,9999
12/23/2014,5017,Chicot County,AR,360,9999
12/23/2014,5019,Clark County,AR,260,9999
12/23/2014,5021,Clay County,AR,40,9999
12/23/2014,5023,Cleburne County,AR,100,9999
12/23/2014,5025,Cleveland County,AR,920,9999
12/23/2014,5027,Columbia County,AR,1530,9999
12/23/2014,5029,Conway County,AR,1510,9999
12/23/2014,5031,Craighead County,AR,810,9999
12/23/2014,5033,Crawford County,AR,470,9999
12/23/2014,5035,Crittenden County,AR,360,9999
12/23/2014,5037,Cross County,AR,50,9999
12/23/2014,5039,Dallas County,AR,270,9999
12/23/2014,5041,Desha County,AR,3060,9999
12/23/2014,5043,Drew County,AR,5430,9999
12/23/2014,5045,Faulkner County,AR,4730,9999
12/23/2014,5047,Franklin County,AR,2820,9999
12/23/2014,5049,Fulton County,AR,1930,9999
12/23/2014,5051,Garland County,AR,2290,9999
12/23/2014,5053,Grant County,AR,330,9999
12/23/2014,5055,Greene County,AR,240,9999
12/23/2014,5057,Hempstead County,AR,3950,9999
12/23/2014,5059,Hot Spring County,AR,6700,9999
12/23/2014,5061,Howard County,AR,5440,9999
12/23/2014,5063,Independence County,AR,3200,9999
12/23/2014,5065,Izard County,AR,1960,9999
12/23/2014,5067,Jackson County,AR,1910,9999
12/23/2014,5069,Jefferson County,AR,340,9999
12/23/2014,5071,Johnson County,AR,100,9999
12/23/2014,5073,Lafayette County,AR,860,9999
12/23/2014,5075,Lawrence County,AR,1810,9999
12/23/2014,5077,Lee County,AR,1270,9999
12/23/2014,5079,Lincoln County,AR,520,9999
12/23/2014,5081,Little River County,AR,270,9999
12/23/2014,5083,Logan County,AR,200,9999
12/23/2014,5085,Lonoke County,AR,50,9999
12/23/2014,5087,Madison County,AR,40,9999
12/23/2014,5089,Marion County,AR,650,9999
12/23/2014,5091,Miller County,AR,1210,9999
12/23/2014,5093,Mississippi County,AR,1150,9999
12/23/2014,5095,Monroe County,AR,520,9999
12/23/2014,5097,Montgomery County,AR,270,9999
12/23/2014,5099,Nevada County,AR,210,9999
12/23/2014,5101,Newton County,AR,0,9999
12/23/2014,5103,Ouachita County,AR,250,9999
12/23/2014,5105,Perry County,AR,2510,9999
12/23/2014,5107,Phillips County,AR,4530,9999
12/23/2014,5109,Pike County,AR,3790,9999
12/23/2014,5111,Poinsett County,AR,1830,9999
12/23/2014,5113,Polk County,AR,1030,9999
12/23/2014,5115,Pope County,AR,1020,9999
12/23/2014,5117,Prairie County,AR,260,9999
12/23/2014,5119,Pulaski County,AR,90,9999
12/23/2014,5121,Randolph County,AR,830,9999
12/23/2014,5123,Saint Francis County,AR,1750,9999
12/23/2014,5125,Saline County,AR,1590,9999
12/23/2014,5127,Scott County,AR,680,9999
12/23/2014,5129,Searcy County,AR,390,9999
12/23/2014,5131,Sebastian County,AR,290,9999
12/23/2014,5133,Sevier County,AR,50,9999
12/23/2014,5135,Sharp County,AR,470,9999
12/23/2014,5137,Stone County,AR,5480,9999
12/23/2014,5139,Union County,AR,8700,9999
12/23/2014,5141,Van Buren County,AR,8620,9999
12/23/2014,5143,Washington County,AR,4550,9999
12/23/2014,5145,White County,AR,2570,9999
12/23/2014,5147,Woodruff County,AR,2160,9999
12/23/2014,5149,Yell County,AR,490,9999
12/23/2014,6001,Alameda County,CA,270,9999
12/23/2014,6003,Alpine County,CA,2980,9999
12/23/2014,6005,Amador County,CA,5660,9999
12/23/2014,6007,Butte County,CA,4980,9999
12/23/2014,6009,Calaveras County,CA,2810,9999
12/23/2014,6011,Colusa County,CA,1660,9999
12/23/2014,6013,Contra Costa County,CA,1450,9999
12/23/2014,6015,Del Norte County,CA,150,9999
12/23/2014,6017,El Dorado County,CA,220,9999
12/23/2014,6019,Fresno County,CA,2660,9999
12/23/2014,6021,Glenn County,CA,6870,9999
12/23/2014,6023,Humboldt County,CA,4080,9999
12/23/2014,6025,Imperial County,CA,1470,9999
12/23/2014,6027,Inyo County,CA,800,9999
12/23/2014,6029,Kern County,CA,750,9999
12/23/2014,6031,Kings County,CA,180,9999
12/23/2014,6033,Lake County,CA,500,9999
12/23/2014,6035,Lassen County,CA,4540,9999
12/23/2014,6037,Los Angeles County,CA,8540,9999
12/23/2014,6039,Madera County,CA,6900,9999
12/23/2014,6041,Marin County,CA,3100,9999
12/23/2014,6043,Mariposa County,CA,1580,9999
12/23/2014,6045,Mendocino County,CA,1130,9999
12/23/2014,6047,Merced County,CA,240,9999
12/23/2014,6049,Modoc County,CA,360,9999
12/23/2014,6051,Mono County,CA,4740,9999
12/23/2014,6053,Monterey County,CA,8370,9999
12/23/2014,6055,Napa County,CA,8300,9999
12/23/2014,6057,Nevada County,CA,5030,9999
12/23/2014,6059,Orange County,CA,3530,9999
12/23/2014,6061,Placer County,CA,3700,9999
12/23/2014,6063,Plumas County,CA,490,9999
12/23/2014,6065,Riverside County,CA,170,9999
12/23/2014,6067,Sacramento County,CA,2490,9999
12/23/2014,6069,San Benito County,CA,4470,9999
12/23/2014,6071,San Bernardino County,CA,3750,9999
12/23/2014,6073,San Diego County,CA,1740,9999
12/23/2014,6075,San Francisco County,CA,930,9999
12/23/2014,6077,San Joaquin County,CA,880,9999
12/23/2014,6079,San Luis Obispo County,CA,180,9999
12/23/2014,6081,San Mateo County,CA,450,9999
12/23/2014,6083,Santa Barbara County,CA,7140,9999
12/23/2014,6085,Santa Clara County,CA,12600,9999
12/23/2014,6087,Santa Cruz County,CA,10230,9999
12/23/2014,6089,Shasta County,CA,5370,9999
12/23/2014,6091,Sierra County,CA,3070,9999
12/23/2014,6093,Siskiyou County,CA,2590,9999
12/23/2014,6095,Solano County,CA,560,9999
12/23/2014,6097,Sonoma County,CA,90,9999
12/23/2014,6099,Stanislaus County,CA,950,9999
12/23/2014,6101,Sutter County,CA,1780,9999
12/23/2014,6103,Tehama County,CA,1610,9999
12/23/2014,6105,Trinity County,CA,860,9999
12/23/2014,6107,Tulare County,CA,530,9999
12/23/2014,6109,Tuolumne County,CA,410,9999
12/23/2014,6111,Ventura County,CA,50,9999
12/23/2014,6113,Yolo County,CA,170,9999
12/23/2014,6115,Yuba County,CA,2000,9999
12/23/2014,8001,Adams County,CO,4160,9999
12/23/2014,8003,Alamosa County,CO,3410,9999
12/23/2014,8005,Arapahoe County,CO,1430,9999
12/23/2014,8007,Archuleta County,CO,740,9999
12/23/2014,8009,Baca County,CO,610,9999
12/23/2014,8011,Bent County,CO,110,9999
12/23/2014,8013,Boulder County,CO,230,9999
12/23/2014,8014,Broomfield County,CO,1780,9999
12/23/2014,8015,Chaffee County,CO,3270,9999
12/23/2014,8017,Cheyenne County,CO,2480,9999
12/23/2014,8019,Clear Creek County,CO,1350,9999
12/23/2014,8021,Conejos County,CO,770,9999
12/23/2014,8023,Costilla County,CO,550,9999
12/23/2014,8025,Crowley County,CO,90,9999
12/23/2014,8027,Custer County,CO,70,9999
12/23/2014,8029,Delta County,CO,630,9999
12/23/2014,8031,Denver County,CO,1390,9999
12/23/2014,8033,Dolores County,CO,800,9999
12/23/2014,8035,Douglas County,CO,250,9999
12/23/2014,8037,Eagle County,CO,140,9999
12/23/2014,8039,Elbert County,CO,120,9999
12/23/2014,8041,El Paso County,CO,30,9999
12/23/2014,8043,Fremont County,CO,70,9999
12/23/2014,8045,Garfield County,CO,1000,9999
12/23/2014,8047,Gilpin County,CO,2220,9999
12/23/2014,8049,Grand County,CO,1700,9999
12/23/2014,8051,Gunnison County,CO,710,9999
12/23/2014,8053,Hinsdale County,CO,400,9999
12/23/2014,8055,Huerfano County,CO,280,9999
12/23/2014,8057,Jackson County,CO,50,9999
12/23/2014,8059,Jefferson County,CO,120,9999
12/23/2014,8061,Kiowa County,CO,1110,9999
12/23/2014,8063,Kit Carson County,CO,2040,9999
12/23/2014,8065,Lake County,CO,1770,9999
12/23/2014,8067,La Plata County,CO,920,9999
12/23/2014,8069,Larimer County,CO,530,9999
12/23/2014,8071,Las Animas County,CO,540,9999
12/23/2014,8073,Lincoln County,CO,80,9999
12/23/2014,8075,Logan County,CO,700,9999
12/23/2014,8077,Mesa County,CO,7560,9999
12/23/2014,8079,Mineral County,CO,13480,9999
12/23/2014,8081,Moffat County,CO,10490,9999
12/23/2014,8083,Montezuma County,CO,5140,9999
12/23/2014,8085,Montrose County,CO,3270,9999
12/23/2014,8087,Morgan County,CO,3550,9999
12/23/2014,8089,Otero County,CO,1070,9999
12/23/2014,8091,Ouray County,CO,280,9999
12/23/2014,8093,Park County,CO,3390,9999
12/23/2014,8095,Phillips County,CO,6150,9999
12/23/2014,8097,Pitkin County,CO,5520,9999
12/23/2014,8099,Prowers County,CO,2810,9999
12/23/2014,8101,Pueblo County,CO,1550,9999
12/23/2014,8103,Rio Blanco County,CO,1390,9999
12/23/2014,8105,Rio Grande County,CO,220,9999
12/23/2014,8107,Routt County,CO,3650,9999
12/23/2014,8109,Saguache County,CO,43460,9999
12/23/2014,8111,San Juan County,CO,81380,9999
12/23/2014,8113,San Miguel County,CO,72560,9999
12/23/2014,8115,Sedgwick County,CO,34980,9999
12/23/2014,8117,Summit County,CO,21430,9999
12/23/2014,8119,Teller County,CO,27870,9999
12/23/2014,8121,Washington County,CO,11160,9999
12/23/2014,8123,Weld County,CO,80,9999
12/23/2014,8125,Yuma County,CO,840,9999
12/23/2014,9001,Fairfield County,CT,1510,9999
12/23/2014,9003,Hartford County,CT,1460,9999
12/23/2014,9005,Litchfield County,CT,760,9999
12/23/2014,9007,Middlesex County,CT,440,9999
12/23/2014,9009,New Haven County,CT,270,9999
12/23/2014,9011,New London County,CT,20,9999
12/23/2014,9013,Tolland County,CT,410,9999
12/23/2014,9015,Windham County,CT,6680,9999
12/23/2014,10001,Kent County,DE,10090,9999
12/23/2014,10003,New Castle County,DE,8450,9999
12/23/2014,10005,Sussex County,DE,5060,9999
12/23/2014,11001,District of Columbia,DC,3180,9999
12/23/2014,12001,Alachua County,FL,3400,9999
12/23/2014,12003,Baker County,FL,790,9999
12/23/2014,12005,Bay County,FL,170,9999
12/23/2014,12007,Bradford County,FL,2010,9999
12/23/2014,12009,Brevard County,FL,3870,9999
12/23/2014,12011,Broward County,FL,3280,9999
12/23/2014,12013,Calhoun County,FL,1920,9999
12/23/2014,12015,Charlotte County,FL,1230,9999
12/23/2014,12017,Citrus County,FL,1040,9999
12/23/2014,12019,Clay County,FL,80,9999
12/23/2014,12021,Collier County,FL,700,9999
12/23/2014,12023,Columbia County,FL,9640,9999
12/23/2014,12027,DeSoto County,FL,16290,9999
12/23/2014,12029,Dixie County,FL,14800,9999
12/23/2014,12031,Duval County,FL,7280,9999
12/23/2014,12033,Escambia County,FL,4750,9999
12/23/2014,12035,Flagler County,FL,5750,9999
12/23/2014,12037,Franklin County,FL,1370,9999
12/23/2014,12039,Gadsden County,FL,360,9999
12/23/2014,12041,Gilchrist County,FL,5020,9999
12/23/2014,12043,Glades County,FL,8690,9999
12/23/2014,12045,Gulf County,FL,8450,9999
12/23/2014,12047,Hamilton County,FL,4980,9999
12/23/2014,12049,Hardee County,FL,3510,9999
12/23/2014,12051,Hendry County,FL,4830,9999
12/23/2014,12053,Hernando County,FL,920,9999
12/23/2014,12055,Highlands County,FL,60,9999
12/23/2014,12057,Hillsborough County,FL,760,9999
12/23/2014,12059,Holmes County,FL,2030,9999
12/23/2014,12061,Indian River County,FL,1380,9999
12/23/2014,12063,Jackson County,FL,440,9999
12/23/2014,12065,Jefferson County,FL,210,9999
12/23/2014,12067,Lafayette County,FL,210,9999
12/23/2014,12069,Lake County,FL,30,9999
12/23/2014,12071,Lee County,FL,120,9999
12/23/2014,12073,Leon County,FL,1460,9999
12/23/2014,12075,Levy County,FL,3260,9999
12/23/2014,12077,Liberty County,FL,2220,9999
12/23/2014,12079,Madison County,FL,730,9999
12/23/2014,12081,Manatee County,FL,350,9999
12/23/2014,12083,Marion County,FL,280,9999
12/23/2014,12085,Martin County,FL,40,9999
12/23/2014,12086,Miami-Dade County,FL,1790,9999
12/23/2014,12087,Monroe County,FL,23660,9999
12/23/2014,12089,Nassau County,FL,36340,9999
12/23/2014,12091,Okaloosa County,FL,32130,9999
12/23/2014,12093,Okeechobee County,FL,20090,9999
12/23/2014,12095,Orange County,FL,15280,9999
12/23/2014,12097,Osceola County,FL,25170,9999
12/23/2014,12099,Palm Beach County,FL,6340,9999
12/23/2014,12101,Pasco County,FL,120,9999
12/23/2014,12103,Pinellas County,FL,1330,9999
12/23/2014,12105,Polk County,FL,2650,9999
12/23/2014,12107,Putnam County,FL,1900,9999
12/23/2014,12109,Saint Johns County,FL,950,9999
12/23/2014,12111,Saint Lucie County,FL,620,9999
12/23/2014,12113,Santa Rosa County,FL,620,9999
12/23/2014,12115,Sarasota County,FL,120,9999
12/23/2014,12117,Seminole County,FL,160,9999
12/23/2014,12119,Sumter County,FL,1830,9999
12/23/2014,12121,Suwannee County,FL,3270,9999
12/23/2014,12123,Taylor County,FL,2700,9999
12/23/2014,12125,Union County,FL,1420,9999
12/23/2014,12127,Volusia County,FL,760,9999
12/23/2014,12129,Wakulla County,FL,540,9999
12/23/2014,12131,Walton County,FL,110,9999
12/23/2014,12133,Washington County,FL,520,9999
12/23/2014,13001,Appling County,GA,6440,9999
12/23/2014,13003,Atkinson County,GA,12600,9999
12/23/2014,13005,Bacon County,GA,9600,9999
12/23/2014,13007,Baker County,GA,4580,9999
12/23/2014,13009,Baldwin County,GA,2610,9999
12/23/2014,13011,Banks County,GA,2490,9999
12/23/2014,13013,Barrow County,GA,600,9999
12/23/2014,13015,Bartow County,GA,2060,9999
12/23/2014,13017,Ben Hill County,GA,27300,9999
12/23/2014,13019,Berrien County,GA,56600,9999
12/23/2014,13021,Bibb County,GA,42070,9999
12/23/2014,13023,Bleckley County,GA,20970,9999
12/23/2014,13025,Brantley County,GA,12490,9999
12/23/2014,13027,Brooks County,GA,12940,9999
12/23/2014,13029,Bryan County,GA,3460,9999
12/23/2014,13031,Bulloch County,GA,140,9999
12/23/2014,13033,Burke County,GA,1220,9999
12/23/2014,13035,Butts County,GA,2960,9999
12/23/2014,13037,Calhoun County,GA,1910,9999
12/23/2014,13039,Camden County,GA,960,9999
12/23/2014,13043,Candler County,GA,610,9999
12/23/2014,13045,Carroll County,GA,620,9999
12/23/2014,13047,Catoosa County,GA,90,9999
12/23/2014,13049,Charlton County,GA,1200,9999
12/23/2014,13051,Chatham County,GA,16200,9999
12/23/2014,13053,Chattahoochee County,GA,32650,9999
12/23/2014,13055,Chattooga County,GA,25110,9999
12/23/2014,13057,Cherokee County,GA,11210,9999
12/23/2014,13059,Clarke County,GA,6610,9999
12/23/2014,13061,Clay County,GA,7960,9999
12/23/2014,13063,Clayton County,GA,2540,9999
12/23/2014,13065,Clinch County,GA,560,9999
12/23/2014,13067,Cobb County,GA,7970,9999
12/23/2014,13069,Coffee County,GA,14160,9999
12/23/2014,13071,Colquitt County,GA,12410,9999
12/23/2014,13073,Columbia County,GA,6850,9999
12/23/2014,13075,Cook County,GA,4410,9999
12/23/2014,13077,Coweta County,GA,5030,9999
12/23/2014,13079,Crawford County,GA,960,9999
12/23/2014,13081,Crisp County,GA,50,9999
12/23/2014,13083,Dade County,GA,590,9999
12/23/2014,13085,Dawson County,GA,1590,9999
12/23/2014,13087,Decatur County,GA,910,9999
12/23/2014,13089,DeKalb County,GA,310,9999
12/23/2014,13091,Dodge County,GA,160,9999
12/23/2014,13093,Dooly County,GA,120,9999
12/23/2014,13095,Dougherty County,GA,0,9999
12/23/2014,13097,Douglas County,GA,130,9999
12/23/2014,13099,Early County,GA,1250,9999
12/23/2014,13101,Echols County,GA,2510,9999
12/23/2014,13103,Effingham County,GA,1880,9999
12/23/2014,13105,Elbert County,GA,920,9999
12/23/2014,13107,Emanuel County,GA,510,9999
12/23/2014,13109,Evans County,GA,400,9999
12/23/2014,13111,Fannin County,GA,60,9999
12/23/2014,13113,Fayette County,GA,200,9999
12/23/2014,13115,Floyd County,GA,2210,9999
12/23/2014,13117,Forsyth County,GA,4050,9999
12/23/2014,13119,Franklin County,GA,2980,9999
12/23/2014,13121,Fulton County,GA,1420,9999
12/23/2014,13123,Gilmer County,GA,830,9999
12/23/2014,13125,Glascock County,GA,800,9999
12/23/2014,13127,Glynn County,GA,180,9999
12/23/2014,13129,Gordon County,GA,130,9999
12/23/2014,13131,Grady County,GA,1360,9999
12/23/2014,13133,Greene County,GA,2820,9999
12/23/2014,13135,Gwinnett County,GA,2480,9999
12/23/2014,13137,Habersham County,GA,1020,9999
12/23/2014,13139,Hall County,GA,580,9999
12/23/2014,13141,Hancock County,GA,430,9999
12/23/2014,13143,Haralson County,GA,80,9999
12/23/2014,13145,Harris County,GA,250,9999
12/23/2014,13147,Hart County,GA,3530,9999
12/23/2014,13149,Heard County,GA,9910,9999
12/23/2014,13151,Henry County,GA,9740,9999
12/23/2014,13153,Houston County,GA,2580,9999
12/23/2014,13155,Irwin County,GA,1270,9999
12/23/2014,13157,Jackson County,GA,940,9999
12/23/2014,13159,Jasper County,GA,120,9999
12/23/2014,13161,Jeff Davis County,GA,450,9999
12/23/2014,13163,Jefferson County,GA,4920,9999
12/23/2014,13165,Jenkins County,GA,7930,9999
12/23/2014,13167,Johnson County,GA,8700,9999
12/23/2014,13169,Jones County,GA,5440,9999
12/23/2014,13171,Lamar County,GA,3520,9999
12/23/2014,13173,Lanier County,GA,3320,9999
12/23/2014,13175,Laurens County,GA,440,9999
12/23/2014,13177,Lee County,GA,1270,9999
12/23/2014,13179,Liberty County,GA,12490,9999
12/23/2014,13181,Lincoln County,GA,16110,9999
12/23/2014,13183,Long County,GA,18780,9999
12/23/2014,13185,Lowndes County,GA,12680,9999
12/23/2014,13187,Lumpkin County,GA,9610,9999
12/23/2014,13189,McDuffie County,GA,14630,9999
12/23/2014,13191,McIntosh County,GA,4790,9999
12/23/2014,13193,Macon County,GA,100,9999
12/23/2014,13195,Madison County,GA,960,9999
12/23/2014,13197,Marion County,GA,2000,9999
12/23/2014,13199,Meriwether County,GA,1190,9999
12/23/2014,13201,Miller County,GA,410,9999
12/23/2014,13205,Mitchell County,GA,220,9999
12/23/2014,13207,Monroe County,GA,200,9999
12/23/2014,13209,Montgomery County,GA,40,9999
12/23/2014,13211,Morgan County,GA,290,9999
12/23/2014,13213,Murray County,GA,5120,9999
12/23/2014,13215,Muscogee County,GA,9770,9999
12/23/2014,13217,Newton County,GA,8600,9999
12/23/2014,13219,Oconee County,GA,4300,9999
12/23/2014,13221,Oglethorpe County,GA,2340,9999
12/23/2014,13223,Paulding County,GA,1970,9999
12/23/2014,13225,Peach County,GA,310,9999
12/23/2014,13227,Pickens County,GA,240,9999
12/23/2014,13229,Pierce County,GA,2810,9999
12/23/2014,13231,Pike County,GA,5620,9999
12/23/2014,13233,Polk County,GA,4770,9999
12/23/2014,13235,Pulaski County,GA,2000,9999
12/23/2014,13237,Putnam County,GA,1190,9999
12/23/2014,13239,Quitman County,GA,1100,9999
12/23/2014,13241,Rabun County,GA,290,9999
12/23/2014,13243,Randolph County,GA,960,9999
12/23/2014,13245,Richmond County,GA,12580,9999
12/23/2014,13247,Rockdale County,GA,21870,9999
12/23/2014,13249,Schley County,GA,18940,9999
12/23/2014,13251,Screven County,GA,9530,9999
12/23/2014,13253,Seminole County,GA,6650,9999
12/23/2014,13255,Spalding County,GA,7410,9999
12/23/2014,13257,Stephens County,GA,1920,9999
12/23/2014,13259,Stewart County,GA,210,9999
12/23/2014,13261,Sumter County,GA,4000,9999
12/23/2014,13263,Talbot County,GA,7150,9999
12/23/2014,13265,Taliaferro County,GA,6160,9999
12/23/2014,13267,Tattnall County,GA,3520,9999
12/23/2014,13269,Taylor County,GA,2280,9999
12/23/2014,13271,Telfair County,GA,1910,9999
12/23/2014,13273,Terrell County,GA,340,9999
12/23/2014,13275,Thomas County,GA,60,9999
12/23/2014,13277,Tift County,GA,950,9999
12/23/2014,13279,Toombs County,GA,1890,9999
12/23/2014,13281,Towns County,GA,1500,9999
12/23/2014,13283,Treutlen County,GA,970,9999
12/23/2014,13285,Troup County,GA,650,9999
12/23/2014,13287,Turner County,GA,580,9999
12/23/2014,13289,Twiggs County,GA,80,9999
12/23/2014,13291,Union County,GA,60,9999
12/23/2014,13293,Upson County,GA,670,9999
12/23/2014,13295,Walker County,GA,1940,9999
12/23/2014,13297,Walton County,GA,1010,9999
12/23/2014,13299,Ware County,GA,370,9999
12/23/2014,13301,Warren County,GA,190,9999
12/23/2014,13303,Washington County,GA,190,9999
12/23/2014,13305,Wayne County,GA,40,9999
12/23/2014,13307,Webster County,GA,130,9999
12/23/2014,13309,Wheeler County,GA,1640,9999
12/23/2014,13311,White County,GA,2820,9999
12/23/2014,13313,Whitfield County,GA,2260,9999
12/23/2014,13315,Wilcox County,GA,1110,9999
12/23/2014,13317,Wilkes County,GA,590,9999
12/23/2014,13319,Wilkinson County,GA,530,9999
12/23/2014,13321,Worth County,GA,130,9999
12/23/2014,15001,Hawaii County,HI,3540,9999
12/23/2014,15003,Honolulu County,HI,59580,9999
12/23/2014,15005,Kalawao County,HI,69470,9999
12/23/2014,15007,Kauai County,HI,80880,9999
12/23/2014,15009,Maui County,HI,51160,9999
12/23/2014,16001,Ada County,ID,35110,9999
12/23/2014,16003,Adams County,ID,50850,9999
12/23/2014,16005,Bannock County,ID,12400,9999
12/23/2014,16007,Bear Lake County,ID,0,9999
12/23/2014,16009,Benewah County,ID,140,9999
12/23/2014,16011,Bingham County,ID,240,9999
12/23/2014,16013,Blaine County,ID,340,9999
12/23/2014,16015,Boise County,ID,130,9999
12/23/2014,16017,Bonner County,ID,70,9999
12/23/2014,16019,Bonneville County,ID,80,9999
12/23/2014,16021,Boundary County,ID,0,9999
12/23/2014,16023,Butte County,ID,0,9999
12/23/2014,16025,Camas County,ID,260,9999
12/23/2014,16027,Canyon County,ID,530,9999
12/23/2014,16029,Caribou County,ID,670,9999
12/23/2014,16031,Cassia County,ID,360,9999
12/23/2014,16033,Clark County,ID,210,9999
12/23/2014,16035,Clearwater County,ID,260,9999
12/23/2014,16037,Custer County,ID,40,9999
12/23/2014,16039,Elmore County,ID,1360,9999
12/23/2014,16041,Franklin County,ID,23570,9999
12/23/2014,16043,Fremont County,ID,28920,9999
12/23/2014,16045,Gem County,ID,35940,9999
12/23/2014,16047,Gooding County,ID,21650,9999
12/23/2014,16049,Idaho County,ID,14500,9999
12/23/2014,16051,Jefferson County,ID,22680,9999
12/23/2014,16053,Jerome County,ID,7430,9999
12/23/2014,16055,Kootenai County,ID,50,9999
12/23/2014,16057,Latah County,ID,2240,9999
12/23/2014,16059,Lemhi County,ID,1720,9999
12/23/2014,16061,Lewis County,ID,1400,9999
12/23/2014,16063,Lincoln County,ID,800,9999
12/23/2014,16065,Madison County,ID,380,9999
12/23/2014,16067,Minidoka County,ID,540,9999
12/23/2014,16069,Nez Perce County,ID,70,9999
12/23/2014,16071,Oneida County,ID,0,9999
12/23/2014,16073,Owyhee County,ID,100,9999
12/23/2014,16075,Payette County,ID,90,9999
12/23/2014,16077,Power County,ID,100,9999
12/23/2014,16079,Shoshone County,ID,90,9999
12/23/2014,16081,Teton County,ID,80,9999
12/23/2014,16083,Twin Falls County,ID,80,9999
12/23/2014,16085,Valley County,ID,0,9999
12/23/2014,16087,Washington County,ID,0,9999
12/23/2014,17001,Adams County,IL,150,9999
12/23/2014,17003,Alexander County,IL,190,9999
12/23/2014,17005,Bond County,IL,270,9999
12/23/2014,17007,Boone County,IL,170,9999
12/23/2014,17009,Brown County,IL,130,9999
12/23/2014,17011,Bureau County,IL,220,9999
12/23/2014,17013,Calhoun County,IL,0,9999
12/23/2014,17015,Carroll County,IL,0,9999
12/23/2014,17017,Cass County,IL,730,9999
12/23/2014,17019,Champaign County,IL,470,9999
12/23/2014,17021,Christian County,IL,440,9999
12/23/2014,17023,Clark County,IL,310,9999
12/23/2014,17025,Clay County,IL,140,9999
12/23/2014,17027,Clinton County,IL,160,9999
12/23/2014,17029,Coles County,IL,20,9999
12/23/2014,17031,Cook County,IL,410,9999
12/23/2014,17033,Crawford County,IL,6720,9999
12/23/2014,17035,Cumberland County,IL,10120,9999
12/23/2014,17037,DeKalb County,IL,11070,9999
12/23/2014,17039,De Witt County,IL,7050,9999
12/23/2014,17041,Douglas County,IL,4980,9999
12/23/2014,17043,DuPage County,IL,7080,9999
12/23/2014,17045,Edgar County,IL,1210,9999
12/23/2014,17047,Edwards County,IL,30,9999
12/23/2014,17049,Effingham County,IL,270,9999
12/23/2014,17051,Fayette County,IL,300,9999
12/23/2014,17053,Ford County,IL,350,9999
12/23/2014,17055,Franklin County,IL,190,9999
12/23/2014,17057,Fulton County,IL,110,9999
12/23/2014,17059,Gallatin County,IL,130,9999
12/23/2014,17061,Greene County,IL,20,9999
12/23/2014,17063,Grundy County,IL,30,9999
12/23/2014,17065,Hamilton County,IL,210,9999
12/23/2014,17067,Hancock County,IL,270,9999
12/23/2014,17069,Hardin County,IL,230,9999
12/23/2014,17071,Henderson County,IL,140,9999
12/23/2014,17073,Henry County,IL,80,9999
12/23/2014,17075,Iroquois County,IL,90,9999
12/23/2014,17077,Jackson County,IL,0,9999
12/23/2014,17079,Jasper County,IL,150,9999
12/23/2014,17081,Jefferson County,IL,2540,9999
12/23/2014,17083,Jersey County,IL,2850,9999
12/23/2014,17085,Jo Daviess County,IL,4020,9999
12/23/2014,17087,Johnson County,IL,2670,9999
12/23/2014,17089,Kane County,IL,2040,9999
12/23/2014,17091,Kankakee County,IL,2950,9999
12/23/2014,17093,Kendall County,IL,570,9999
12/23/2014,17095,Knox County,IL,540,9999
12/23/2014,17097,Lake County,IL,5060,9999
12/23/2014,17099,La Salle County,IL,5590,9999
12/23/2014,17101,Lawrence County,IL,6020,9999
12/23/2014,17103,Lee County,IL,4070,9999
12/23/2014,17105,Livingston County,IL,2950,9999
12/23/2014,17107,Logan County,IL,4240,9999
12/23/2014,17109,McDonough County,IL,910,9999
12/23/2014,17111,McHenry County,IL,110,9999
12/23/2014,17113,McLean County,IL,1180,9999
12/23/2014,17115,Macon County,IL,1420,9999
12/23/2014,17117,Macoupin County,IL,1670,9999
12/23/2014,17119,Madison County,IL,1110,9999
12/23/2014,17121,Marion County,IL,700,9999
12/23/2014,17123,Marshall County,IL,890,9999
12/23/2014,17125,Mason County,IL,200,9999
12/23/2014,17127,Massac County,IL,80,9999
12/23/2014,17129,Menard County,IL,1060,9999
12/23/2014,17131,Mercer County,IL,1580,9999
12/23/2014,17133,Monroe County,IL,1820,9999
12/23/2014,17135,Montgomery County,IL,1020,9999
12/23/2014,17137,Morgan County,IL,680,9999
12/23/2014,17139,Moultrie County,IL,800,9999
12/23/2014,17141,Ogle County,IL,180,9999
12/23/2014,17143,Peoria County,IL,0,9999
12/23/2014,17145,Perry County,IL,180,9999
12/23/2014,17147,Piatt County,IL,220,9999
12/23/2014,17149,Pike County,IL,200,9999
12/23/2014,17151,Pope County,IL,100,9999
12/23/2014,17153,Pulaski County,IL,50,9999
12/23/2014,17155,Putnam County,IL,60,9999
12/23/2014,17157,Randolph County,IL,0,9999
12/23/2014,17159,Richland County,IL,470,9999
12/23/2014,17161,Rock Island County,IL,7080,9999
12/23/2014,17163,Saint Clair County,IL,7410,9999
12/23/2014,17165,Saline County,IL,8440,9999
12/23/2014,17167,Sangamon County,IL,6470,9999
12/23/2014,17169,Schuyler County,IL,5060,9999
12/23/2014,17171,Scott County,IL,6880,9999
12/23/2014,17173,Shelby County,IL,1200,9999
12/23/2014,17175,Stark County,IL,20,9999
12/23/2014,17177,Stephenson County,IL,930,9999
12/23/2014,17179,Tazewell County,IL,940,9999
12/23/2014,17181,Union County,IL,890,9999
12/23/2014,17183,Vermilion County,IL,520,9999
12/23/2014,17185,Wabash County,IL,260,9999
12/23/2014,17187,Warren County,IL,350,9999
12/23/2014,17189,Washington County,IL,50,9999
12/23/2014,17191,Wayne County,IL,0,9999
12/23/2014,17193,White County,IL,880,9999
12/23/2014,17195,Whiteside County,IL,550,9999
12/23/2014,17197,Will County,IL,750,9999
12/23/2014,17199,Williamson County,IL,540,9999
12/23/2014,17201,Winnebago County,IL,280,9999
12/23/2014,17203,Woodford County,IL,430,9999
12/23/2014,18001,Adams County,IN,70,9999
12/23/2014,18003,Allen County,IN,0,9999
12/23/2014,18005,Bartholomew County,IN,640,9999
12/23/2014,18007,Benton County,IN,620,9999
12/23/2014,18009,Blackford County,IN,600,9999
12/23/2014,18011,Boone County,IN,350,9999
12/23/2014,18013,Brown County,IN,220,9999
12/23/2014,18015,Carroll County,IN,270,9999
12/23/2014,18017,Cass County,IN,40,9999
12/23/2014,18019,Clark County,IN,40,9999
12/23/2014,18021,Clay County,IN,360,9999
12/23/2014,18023,Clinton County,IN,360,9999
12/23/2014,18025,Crawford County,IN,430,9999
12/23/2014,18027,Daviess County,IN,290,9999
12/23/2014,18029,Dearborn County,IN,190,9999
12/23/2014,18031,Decatur County,IN,230,9999
12/23/2014,18033,DeKalb County,IN,70,9999
12/23/2014,18035,Delaware County,IN,30,9999
12/23/2014,18037,Dubois County,IN,510,9999
12/23/2014,18039,Elkhart County,IN,500,9999
12/23/2014,18041,Fayette County,IN,580,9999
12/23/2014,18043,Floyd County,IN,340,9999
12/23/2014,18045,Fountain County,IN,210,9999
12/23/2014,18047,Franklin County,IN,190,9999
12/23/2014,18049,Fulton County,IN,30,9999
12/23/2014,18051,Gibson County,IN,90,9999
12/23/2014,18053,Grant County,IN,780,9999
12/23/2014,18055,Greene County,IN,880,9999
12/23/2014,18057,Hamilton County,IN,1160,9999
12/23/2014,18059,Hancock County,IN,690,9999
12/23/2014,18061,Harrison County,IN,480,9999
12/23/2014,18063,Hendricks County,IN,570,9999
12/23/2014,18065,Henry County,IN,110,9999
12/23/2014,18067,Howard County,IN,0,9999
12/23/2014,18069,Huntington County,IN,90,9999
12/23/2014,18071,Jackson County,IN,180,9999
12/23/2014,18073,Jasper County,IN,180,9999
12/23/2014,18075,Jay County,IN,120,9999
12/23/2014,18077,Jefferson County,IN,60,9999
12/23/2014,18079,Jennings County,IN,90,9999
12/23/2014,18081,Johnson County,IN,0,9999
12/23/2014,18083,Knox County,IN,60,9999
12/23/2014,18085,Kosciusko County,IN,560,9999
12/23/2014,18087,LaGrange County,IN,670,9999
12/23/2014,18089,Lake County,IN,730,9999
12/23/2014,18091,LaPorte County,IN,540,9999
12/23/2014,18093,Lawrence County,IN,360,9999
12/23/2014,18095,Madison County,IN,430,9999
12/23/2014,18097,Marion County,IN,40,9999
12/23/2014,18099,Marshall County,IN,70,9999
12/23/2014,18101,Martin County,IN,920,9999
12/23/2014,18103,Miami County,IN,980,9999
12/23/2014,18105,Monroe County,IN,1070,9999
12/23/2014,18107,Montgomery County,IN,760,9999
12/23/2014,18109,Morgan County,IN,540,9999
12/23/2014,18111,Newton County,IN,790,9999
12/23/2014,18113,Noble County,IN,150,9999
12/23/2014,18115,Ohio County,IN,0,9999
12/23/2014,18117,Orange County,IN,1290,9999
12/23/2014,18119,Owen County,IN,840,9999
12/23/2014,18121,Parke County,IN,580,9999
12/23/2014,18123,Perry County,IN,210,9999
12/23/2014,18125,Pike County,IN,80,9999
12/23/2014,18127,Porter County,IN,70,9999
12/23/2014,18129,Posey County,IN,0,9999
12/23/2014,18131,Pulaski County,IN,20,9999
12/23/2014,18133,Putnam County,IN,200,9999
12/23/2014,18135,Randolph County,IN,230,9999
12/23/2014,18137,Ripley County,IN,270,9999
12/23/2014,18139,Rush County,IN,170,9999
12/23/2014,18141,Saint Joseph County,IN,100,9999
12/23/2014,18143,Scott County,IN,130,9999
12/23/2014,18145,Shelby County,IN,0,9999
12/23/2014,18147,Spencer County,IN,0,9999
12/23/2014,18149,Starke County,IN,60,9999
12/23/2014,18151,Steuben County,IN,70,9999
12/23/2014,18153,Sullivan County,IN,80,9999
12/23/2014,18155,Switzerland County,IN,50,9999
12/23/2014,18157,Tippecanoe County,IN,20,9999
12/23/2014,18159,Tipton County,IN,30,9999
12/23/2014,18161,Union County,IN,0,9999
12/23/2014,18163,Vanderburgh County,IN,0,9999
12/23/2014,18165,Vermillion County,IN,860,9999
12/23/2014,18167,Vigo County,IN,750,9999
12/23/2014,18169,Wabash County,IN,580,9999
12/23/2014,18171,Warren County,IN,270,9999
12/23/2014,18173,Warrick County,IN,180,9999
12/23/2014,18175,Washington County,IN,170,9999
12/23/2014,18177,Wayne County,IN,0,9999
12/23/2014,18179,Wells County,IN,49630,9999
12/23/2014,18181,White County,IN,380330,9999
12/23/2014,18183,Whitley County,IN,705640,9999
12/23/2014,19001,Adair County,IA,688760,9999
12/23/2014,19003,Adams County,IA,359030,9999
12/23/2014,19005,Allamakee County,IA,224650,9999
12/23/2014,19007,Appanoose County,IA,271880,9999
12/23/2014,19009,Audubon County,IA,79680,9999
12/23/2014,19011,Benton County,IA,240,9999
12/23/2014,19013,Black Hawk County,IA,4650,9999
12/23/2014,19015,Boone County,IA,7150,9999
12/23/2014,19017,Bremer County,IA,6500,9999
12/23/2014,19019,Buchanan County,IA,2740,9999
12/23/2014,19021,Buena Vista County,IA,1420,9999
12/23/2014,19023,Butler County,IA,1080,9999
12/23/2014,19025,Calhoun County,IA,110,9999
12/23/2014,19027,Carroll County,IA,950,9999
12/23/2014,19029,Cass County,IA,8100,9999
12/23/2014,19031,Cedar County,IA,13850,9999
12/23/2014,19033,Cerro Gordo County,IA,12230,9999
12/23/2014,19035,Cherokee County,IA,7160,9999
12/23/2014,19037,Chickasaw County,IA,4870,9999
12/23/2014,19039,Clarke County,IA,5020,9999
12/23/2014,19041,Clay County,IA,630,9999
12/23/2014,19043,Clayton County,IA,1000,9999
12/23/2014,19045,Clinton County,IA,9480,9999
12/23/2014,19047,Crawford County,IA,14640,9999
12/23/2014,19049,Dallas County,IA,13120,9999
12/23/2014,19051,Davis County,IA,6980,9999
12/23/2014,19053,Decatur County,IA,4600,9999
12/23/2014,19055,Delaware County,IA,5200,9999
12/23/2014,19057,Des Moines County,IA,1150,9999
12/23/2014,19059,Dickinson County,IA,500,9999
12/23/2014,19061,Dubuque County,IA,3730,9999
12/23/2014,19063,Emmet County,IA,5700,9999
12/23/2014,19065,Fayette County,IA,5110,9999
12/23/2014,19067,Floyd County,IA,2970,9999
12/23/2014,19069,Franklin County,IA,1680,9999
12/23/2014,19071,Fremont County,IA,1520,9999
12/23/2014,19073,Greene County,IA,280,9999
12/23/2014,19075,Grundy County,IA,130,9999
12/23/2014,19077,Guthrie County,IA,1830,9999
12/23/2014,19079,Hamilton County,IA,2680,9999
12/23/2014,19081,Hancock County,IA,2580,9999
12/23/2014,19083,Hardin County,IA,1810,9999
12/23/2014,19085,Harrison County,IA,1140,9999
12/23/2014,19087,Henry County,IA,910,9999
12/23/2014,19089,Howard County,IA,150,9999
12/23/2014,19091,Humboldt County,IA,40,9999
12/23/2014,19093,Ida County,IA,340,9999
12/23/2014,19095,Iowa County,IA,570,9999
12/23/2014,19097,Jackson County,IA,690,9999
12/23/2014,19099,Jasper County,IA,760,9999
12/23/2014,19101,Jefferson County,IA,490,9999
12/23/2014,19103,Johnson County,IA,350,9999
12/23/2014,19105,Jones County,IA,30,9999
12/23/2014,19107,Keokuk County,IA,150,9999
12/23/2014,19109,Kossuth County,IA,1100,9999
12/23/2014,19111,Lee County,IA,2120,9999
12/23/2014,19113,Linn County,IA,1760,9999
12/23/2014,19115,Louisa County,IA,690,9999
12/23/2014,19117,Lucas County,IA,340,9999
12/23/2014,19119,Lyon County,IA,310,9999
12/23/2014,19121,Madison County,IA,50,9999
12/23/2014,19123,Mahaska County,IA,30900,9999
12/23/2014,19125,Marion County,IA,222840,9999
12/23/2014,19127,Marshall County,IA,416550,9999
12/23/2014,19129,Mills County,IA,432750,9999
12/23/2014,19131,Mitchell County,IA,224300,9999
12/23/2014,19133,Monona County,IA,142040,9999
12/23/2014,19135,Monroe County,IA,185740,9999
12/23/2014,19137,Montgomery County,IA,60150,9999
12/23/2014,19139,Muscatine County,IA,2140,9999
12/23/2014,19141,O'Brien County,IA,12960,9999
12/23/2014,19143,Osceola County,IA,24190,9999
12/23/2014,19145,Page County,IA,19590,9999
12/23/2014,19147,Palo Alto County,IA,9250,9999
12/23/2014,19149,Plymouth County,IA,5120,9999
12/23/2014,19151,Pocahontas County,IA,4550,9999
12/23/2014,19153,Polk County,IA,840,9999
12/23/2014,19155,Pottawattamie County,IA,670,9999
12/23/2014,19157,Poweshiek County,IA,6950,9999
12/23/2014,19159,Ringgold County,IA,10680,9999
12/23/2014,19161,Sac County,IA,9400,9999
12/23/2014,19163,Scott County,IA,4590,9999
12/23/2014,19165,Shelby County,IA,2630,9999
12/23/2014,19167,Sioux County,IA,2370,9999
12/23/2014,19169,Story County,IA,310,9999
12/23/2014,19171,Tama County,IA,6700,9999
12/23/2014,19173,Taylor County,IA,60420,9999
12/23/2014,19175,Union County,IA,113920,9999
12/23/2014,19177,Van Buren County,IA,102480,9999
12/23/2014,19179,Wapello County,IA,54850,9999
12/23/2014,19181,Warren County,IA,34630,9999
12/23/2014,19183,Washington County,IA,40950,9999
12/23/2014,19185,Wayne County,IA,11310,9999
12/23/2014,19187,Webster County,IA,1990,9999
12/23/2014,19189,Winnebago County,IA,15980,9999
12/23/2014,19191,Winneshiek County,IA,30580,9999
12/23/2014,19193,Woodbury County,IA,34890,9999
12/23/2014,19195,Worth County,IA,20030,9999
12/23/2014,19197,Wright County,IA,12100,9999
12/23/2014,20001,Allen County,KS,10630,9999
12/23/2014,20003,Anderson County,KS,1410,9999
12/23/2014,20005,Atchison County,KS,440,9999
12/23/2014,20007,Barber County,KS,3460,9999
12/23/2014,20009,Barton County,KS,7140,9999
12/23/2014,20011,Bourbon County,KS,4510,9999
12/23/2014,20013,Brown County,KS,1710,9999
12/23/2014,20015,Butler County,KS,1000,9999
12/23/2014,20017,Chase County,KS,1170,9999
12/23/2014,20019,Chautauqua County,KS,350,9999
12/23/2014,20021,Cherokee County,KS,2970,9999
12/23/2014,20023,Cheyenne County,KS,15380,9999
12/23/2014,20025,Clark County,KS,24930,9999
12/23/2014,20027,Clay County,KS,23190,9999
12/23/2014,20029,Cloud County,KS,12900,9999
12/23/2014,20031,Coffey County,KS,7890,9999
12/23/2014,20033,Comanche County,KS,7910,9999
12/23/2014,20035,Cowley County,KS,2050,9999
12/23/2014,20037,Crawford County,KS,820,9999
12/23/2014,20039,Decatur County,KS,13100,9999
12/23/2014,20041,Dickinson County,KS,30950,9999
12/23/2014,20043,Doniphan County,KS,19960,9999
12/23/2014,20045,Douglas County,KS,8280,9999
12/23/2014,20047,Edwards County,KS,4700,9999
12/23/2014,20049,Elk County,KS,4180,9999
12/23/2014,20051,Ellis County,KS,860,9999
12/23/2014,20053,Ellsworth County,KS,16660,9999
12/23/2014,20055,Finney County,KS,198150,9999
12/23/2014,20057,Ford County,KS,333190,9999
12/23/2014,20059,Franklin County,KS,302160,9999
12/23/2014,20061,Geary County,KS,155460,9999
12/23/2014,20063,Gove County,KS,91440,9999
12/23/2014,20065,Graham County,KS,95270,9999
12/23/2014,20067,Grant County,KS,26560,9999
12/23/2014,20069,Gray County,KS,150,9999
12/23/2014,20071,Greeley County,KS,1250,9999
12/23/2014,20073,Greenwood County,KS,2210,9999
12/23/2014,20075,Hamilton County,KS,2310,9999
12/23/2014,20077,Harper County,KS,1020,9999
12/23/2014,20079,Harvey County,KS,530,9999
12/23/2014,20081,Haskell County,KS,540,9999
12/23/2014,20083,Hodgeman County,KS,170,9999
12/23/2014,20085,Jackson County,KS,100,9999
12/23/2014,20087,Jefferson County,KS,1420,9999
12/23/2014,20089,Jewell County,KS,2490,9999
12/23/2014,20091,Johnson County,KS,2070,9999
12/23/2014,20093,Kearny County,KS,1160,9999
12/23/2014,20095,Kingman County,KS,710,9999
12/23/2014,20097,Kiowa County,KS,580,9999
12/23/2014,20099,Labette County,KS,110,9999
12/23/2014,20101,Lane County,KS,350,9999
12/23/2014,20103,Leavenworth County,KS,2970,9999
12/23/2014,20105,Lincoln County,KS,5120,9999
12/23/2014,20107,Linn County,KS,4350,9999
12/23/2014,20109,Logan County,KS,2320,9999
12/23/2014,20111,Lyon County,KS,1270,9999
12/23/2014,20113,McPherson County,KS,970,9999
12/23/2014,20115,Marion County,KS,300,9999
12/23/2014,20117,Marshall County,KS,1310,9999
12/23/2014,20119,Meade County,KS,13830,9999
12/23/2014,20121,Miami County,KS,22490,9999
12/23/2014,20123,Mitchell County,KS,23900,9999
12/23/2014,20125,Montgomery County,KS,13940,9999
12/23/2014,20127,Morris County,KS,8940,9999
12/23/2014,20129,Morton County,KS,11870,9999
12/23/2014,20131,Nemaha County,KS,4420,9999
12/23/2014,20133,Neosho County,KS,280,9999
12/23/2014,20135,Ness County,KS,2650,9999
12/23/2014,20137,Norton County,KS,4130,9999
12/23/2014,20139,Osage County,KS,3980,9999
12/23/2014,20141,Osborne County,KS,2090,9999
12/23/2014,20143,Ottawa County,KS,1120,9999
12/23/2014,20145,Pawnee County,KS,940,9999
12/23/2014,20147,Phillips County,KS,230,9999
12/23/2014,20149,Pottawatomie County,KS,60,9999
12/23/2014,20151,Pratt County,KS,750,9999
12/23/2014,20153,Rawlins County,KS,1420,9999
12/23/2014,20155,Reno County,KS,1110,9999
12/23/2014,20157,Republic County,KS,510,9999
12/23/2014,20159,Rice County,KS,260,9999
12/23/2014,20161,Riley County,KS,220,9999
12/23/2014,20163,Rooks County,KS,40,9999
12/23/2014,20165,Rush County,KS,20,9999
12/23/2014,20167,Russell County,KS,300,9999
12/23/2014,20169,Saline County,KS,530,9999
12/23/2014,20171,Scott County,KS,510,9999
12/23/2014,20173,Sedgwick County,KS,280,9999
12/23/2014,20175,Seward County,KS,150,9999
12/23/2014,20177,Shawnee County,KS,140,9999
12/23/2014,20179,Sheridan County,KS,0,9999
12/23/2014,20181,Sherman County,KS,390,9999
12/23/2014,20183,Smith County,KS,2120,9999
12/23/2014,20185,Stafford County,KS,3800,9999
12/23/2014,20187,Stanton County,KS,3070,9999
12/23/2014,20189,Stevens County,KS,1370,9999
12/23/2014,20191,Sumner County,KS,640,9999
12/23/2014,20193,Thomas County,KS,560,9999
12/23/2014,20195,Trego County,KS,120,9999
12/23/2014,20197,Wabaunsee County,KS,90,9999
12/23/2014,20199,Wallace County,KS,720,9999
12/23/2014,20201,Washington County,KS,1540,9999
12/23/2014,20203,Wichita County,KS,1030,9999
12/23/2014,20205,Wilson County,KS,360,9999
12/23/2014,20207,Woodson County,KS,200,9999
12/23/2014,20209,Wyandotte County,KS,250,9999
12/23/2014,21001,Adair County,KY,70,9999
12/23/2014,21003,Allen County,KY,130,9999
12/23/2014,21005,Anderson County,KY,1570,9999
12/23/2014,21007,Ballard County,KY,2550,9999
12/23/2014,21009,Barren County,KY,2030,9999
12/23/2014,21011,Bath County,KY,1040,9999
12/23/2014,21013,Bell County,KY,620,9999
12/23/2014,21015,Boone County,KY,530,9999
12/23/2014,21017,Bourbon County,KY,90,9999
12/23/2014,21019,Boyd County,KY,110,9999
12/23/2014,21021,Boyle County,KY,970,9999
12/23/2014,21023,Bracken County,KY,1700,9999
12/23/2014,21025,Breathitt County,KY,1710,9999
12/23/2014,21027,Breckinridge County,KY,850,9999
12/23/2014,21029,Bullitt County,KY,370,9999
12/23/2014,21031,Butler County,KY,270,9999
12/23/2014,21033,Caldwell County,KY,70,9999
12/23/2014,21035,Calloway County,KY,230,9999
12/23/2014,21037,Campbell County,KY,1840,9999
12/23/2014,21039,Carlisle County,KY,2700,9999
12/23/2014,21041,Carroll County,KY,2630,9999
12/23/2014,21043,Carter County,KY,1610,9999
12/23/2014,21045,Casey County,KY,860,9999
12/23/2014,21047,Christian County,KY,760,9999
12/23/2014,21049,Clark County,KY,210,9999
12/23/2014,21051,Clay County,KY,40,9999
12/23/2014,21053,Clinton County,KY,420,9999
12/23/2014,21055,Crittenden County,KY,820,9999
12/23/2014,21057,Cumberland County,KY,840,9999
12/23/2014,21059,Daviess County,KY,480,9999
12/23/2014,21061,Edmonson County,KY,300,9999
12/23/2014,21063,Elliott County,KY,250,9999
12/23/2014,21065,Estill County,KY,20,9999
12/23/2014,21067,Fayette County,KY,120,9999
12/23/2014,21069,Fleming County,KY,1560,9999
12/23/2014,21071,Floyd County,KY,2630,9999
12/23/2014,21073,Franklin County,KY,2150,9999
12/23/2014,21075,Fulton County,KY,1110,9999
12/23/2014,21077,Gallatin County,KY,730,9999
12/23/2014,21079,Garrard County,KY,790,9999
12/23/2014,21081,Grant County,KY,180,9999
12/23/2014,21083,Graves County,KY,110,9999
12/23/2014,21085,Grayson County,KY,1450,9999
12/23/2014,21087,Green County,KY,2210,9999
12/23/2014,21089,Greenup County,KY,2110,9999
12/23/2014,21091,Hancock County,KY,1200,9999
12/23/2014,21093,Hardin County,KY,730,9999
12/23/2014,21095,Harlan County,KY,600,9999
12/23/2014,21097,Harrison County,KY,130,9999
12/23/2014,21099,Hart County,KY,460,9999
12/23/2014,21101,Henderson County,KY,7010,9999
12/23/2014,21103,Henry County,KY,11280,9999
12/23/2014,21105,Hickman County,KY,9950,9999
12/23/2014,21107,Hopkins County,KY,5130,9999
12/23/2014,21109,Jackson County,KY,2980,9999
12/23/2014,21111,Jefferson County,KY,3100,9999
12/23/2014,21113,Jessamine County,KY,1090,9999
12/23/2014,21115,Johnson County,KY,290,9999
12/23/2014,21117,Kenton County,KY,3960,9999
12/23/2014,21119,Knott County,KY,6540,9999
12/23/2014,21121,Knox County,KY,6010,9999
12/23/2014,21123,Larue County,KY,3410,9999
12/23/2014,21125,Laurel County,KY,1880,9999
12/23/2014,21127,Lawrence County,KY,1520,9999
12/23/2014,21129,Lee County,KY,260,9999
12/23/2014,21131,Leslie County,KY,230,9999
12/23/2014,21133,Letcher County,KY,3740,9999
12/23/2014,21135,Lewis County,KY,7170,9999
12/23/2014,21137,Lincoln County,KY,5220,9999
12/23/2014,21139,Livingston County,KY,2160,9999
12/23/2014,21141,Logan County,KY,1240,9999
12/23/2014,21143,Lyon County,KY,1340,9999
12/23/2014,21145,McCracken County,KY,310,9999
12/23/2014,21147,McCreary County,KY,110,9999
12/23/2014,21149,McLean County,KY,1320,9999
12/23/2014,21151,Madison County,KY,2230,9999
12/23/2014,21153,Magoffin County,KY,1790,9999
12/23/2014,21155,Marion County,KY,860,9999
12/23/2014,21157,Marshall County,KY,530,9999
12/23/2014,21159,Martin County,KY,450,9999
12/23/2014,21161,Mason County,KY,100,9999
12/23/2014,21163,Meade County,KY,40,9999
12/23/2014,21165,Menifee County,KY,510,9999
12/23/2014,21167,Mercer County,KY,1010,9999
12/23/2014,21169,Metcalfe County,KY,830,9999
12/23/2014,21171,Monroe County,KY,320,9999
12/23/2014,21173,Montgomery County,KY,180,9999
12/23/2014,21175,Morgan County,KY,130,9999
12/23/2014,21177,Muhlenberg County,KY,20,9999
12/23/2014,21179,Nelson County,KY,70,9999
12/23/2014,21181,Nicholas County,KY,890,9999
12/23/2014,21183,Ohio County,KY,1720,9999
12/23/2014,21185,Oldham County,KY,1330,9999
12/23/2014,21187,Owen County,KY,490,9999
12/23/2014,21189,Owsley County,KY,310,9999
12/23/2014,21191,Pendleton County,KY,280,9999
12/23/2014,21193,Perry County,KY,90,9999
12/23/2014,21195,Pike County,KY,100,9999
12/23/2014,21197,Powell County,KY,1210,9999
12/23/2014,21199,Pulaski County,KY,2160,9999
12/23/2014,21201,Robertson County,KY,1680,9999
12/23/2014,21203,Rockcastle County,KY,870,9999
12/23/2014,21205,Rowan County,KY,580,9999
12/23/2014,21207,Russell County,KY,510,9999
12/23/2014,21209,Scott County,KY,90,9999
12/23/2014,21211,Shelby County,KY,470,9999
12/23/2014,21213,Simpson County,KY,7850,9999
12/23/2014,21215,Spencer County,KY,11640,9999
12/23/2014,21217,Taylor County,KY,10960,9999
12/23/2014,21219,Todd County,KY,6850,9999
12/23/2014,21221,Trigg County,KY,4500,9999
12/23/2014,21223,Trimble County,KY,4990,9999
12/23/2014,21225,Union County,KY,940,9999
12/23/2014,21227,Warren County,KY,140,9999
12/23/2014,21229,Washington County,KY,1200,9999
12/23/2014,21231,Wayne County,KY,1750,9999
12/23/2014,21233,Webster County,KY,1780,9999
12/23/2014,21235,Whitley County,KY,950,9999
12/23/2014,21237,Wolfe County,KY,560,9999
12/23/2014,21239,Woodford County,KY,430,9999
12/23/2014,22001,Acadia Parish,LA,60,9999
12/23/2014,22003,Allen Parish,LA,140,9999
12/23/2014,22005,Ascension Parish,LA,820,9999
12/23/2014,22007,Assumption Parish,LA,1300,9999
12/23/2014,22009,Avoyelles Parish,LA,1130,9999
12/23/2014,22011,Beauregard Parish,LA,520,9999
12/23/2014,22013,Bienville Parish,LA,250,9999
12/23/2014,22015,Bossier Parish,LA,170,9999
12/23/2014,22017,Caddo Parish,LA,40,9999
12/23/2014,22019,Calcasieu Parish,LA,760,9999
12/23/2014,22021,Caldwell Parish,LA,7690,9999
12/23/2014,22023,Cameron Parish,LA,12820,9999
12/23/2014,22025,Catahoula Parish,LA,9990,9999
12/23/2014,22027,Claiborne Parish,LA,5250,9999
12/23/2014,22029,Concordia Parish,LA,3220,9999
12/23/2014,22031,De Soto Parish,LA,3270,9999
12/23/2014,22033,East Baton Rouge Parish,LA,930,9999
12/23/2014,22035,East Carroll Parish,LA,90,9999
12/23/2014,22037,East Feliciana Parish,LA,980,9999
12/23/2014,22039,Evangeline Parish,LA,1650,9999
12/23/2014,22041,Franklin Parish,LA,2000,9999
12/23/2014,22043,Grant Parish,LA,1140,9999
12/23/2014,22045,Iberia Parish,LA,740,9999
12/23/2014,22047,Iberville Parish,LA,680,9999
12/23/2014,22049,Jackson Parish,LA,70,9999
12/23/2014,22051,Jefferson Parish,LA,220,9999
12/23/2014,22053,Jefferson Davis Parish,LA,90,9999
12/23/2014,22055,Lafayette Parish,LA,980,9999
12/23/2014,22057,Lafourche Parish,LA,1650,9999
12/23/2014,22059,La Salle Parish,LA,2000,999999
12/23/2014,22061,Lincoln Parish,LA,1140,9999
12/23/2014,22063,Livingston Parish,LA,740,9999
12/23/2014,22065,Madison Parish,LA,680,9999
12/23/2014,22067,Morehouse Parish,LA,70,9999
12/23/2014,22069,Natchitoches Parish,LA,220,9999
12/23/2014,22071,Orleans Parish,LA,2131,9999
